{"flutter":{"platforms":{"android":{"default":{"projectId":"dev-coinku","appId":"1:101010297288:android:b8010c215ec0a50e4cf0fd","fileOutput":"android/app/google-services.json"}},"ios":{"default":{"projectId":"dev-coinku","appId":"1:101010297288:ios:76ffab6de8cc345d4cf0fd","uploadDebugSymbols":false,"fileOutput":"ios/Runner/GoogleService-Info.plist"}},"dart":{"lib/firebase_options.dart":{"projectId":"dev-coinku","configurations":{"android":"1:101010297288:android:b8010c215ec0a50e4cf0fd","ios":"1:101010297288:ios:76ffab6de8cc345d4cf0fd"}}}}}}